bids_name	cjv	cnr	efc	fber	fwhm_avg	fwhm_x	fwhm_y	fwhm_z	icvs_csf	icvs_gm	icvs_wm	inu_med	inu_range	qi_1	qi_2	rpve_csf	rpve_gm	rpve_wm	size_x	size_y	size_z	snr_csf	snr_gm	snr_total	snr_wm	snrd_csf	snrd_gm	snrd_total	snrd_wm	spacing_x	spacing_y	spacing_z	summary_bg_k	summary_bg_mad	summary_bg_mean	summary_bg_median	summary_bg_n	summary_bg_p05	summary_bg_p95	summary_bg_stdv	summary_csf_k	summary_csf_mad	summary_csf_mean	summary_csf_median	summary_csf_n	summary_csf_p05	summary_csf_p95	summary_csf_stdv	summary_gm_k	summary_gm_mad	summary_gm_mean	summary_gm_median	summary_gm_n	summary_gm_p05	summary_gm_p95	summary_gm_stdv	summary_wm_k	summary_wm_mad	summary_wm_mean	summary_wm_median	summary_wm_n	summary_wm_p05	summary_wm_p95	summary_wm_stdv	tpm_overlap_csf	tpm_overlap_gm	tpm_overlap_wm	wm2max
sub-01_ses-03_T2w	0.1495827979284744	1.8962317923421823	0.5270750022435351	4884.987126710292	2.9278864482698843	2.8542969331640373	3.1890499524794524	2.7403124591661623	0.26076096994838455	0.6810734271191226	0.058165602932492955	0.9101753234863281	0.23696240186691275	0.0	0.017157587181048737	15.941314502794452	8.68531755755064	88.50503893520862	208	300	320	6.56076369342532	5.844239462509762	4.992311708430381	2.5719319693560596	133.14049869580643	40.786773133576744	110.67934534883504	158.11076421712198	0.8000043630599976	0.800000011920929	0.800000011920929	15.245123538772415	0.0	2.946196499964	0.0	6908917.0	0.0	11.25264585390687	4.143720415556023	4.098297651628436	86.3341716325755	815.8422178071178	842.1101355124265	114669.0	535.0577397365123	963.1596376933157	128.35494508530508	0.3732381262255626	42.203534793602756	263.0526376504432	257.97526212595403	709391.0	198.92672447673976	343.5213668271899	44.1417710468732	0.13497081711582126	68.7975430197086	822.1180908375638	1000.0464050015435	18530.0	26.56162914475426	1082.0180306155235	388.82032341054276	0.13385432188446053	0.4125490266961927	0.025182334697986454	0.9598549166813092
